商品ID,商品自定义ID,商品条形码,商品名称,货架号,所属品牌,前台一级分类,前台二级分类,后台一级分类,后台二级分类,后台三级分类,商品属性,销售价格,库存数量,是否上线,每单限购,商品类型,重量(g)
15761346640730758,,6925489700071,伯力爵椰蓉味,,伯力爵,休闲零食,饼干点心,休闲食品,糕点类,其他中式糕点,,16.5,4,上线,不限购,标品,97
15761346640730757,,4897058471526,小猪佩奇牛奶曲奇,,亿智,休闲零食,饼干点心,休闲食品,饼干类,曲奇饼干,,35,3,上线,不限购,标品,1000
15761346640730760,,6924546000826,小猪佩奇巧克力味注心饼干,,亿智,休闲零食,饼干点心,休闲食品,饼干类,夹心饼干,,15.9,5,上线,不限购,标品,360
157613454507124677,,6920907808117,好丽友好多鱼浓香茄汁味33g,,好丽友,休闲零食,膨化食品,休闲食品,膨化食品,薯片/薯条/玉米片,,4.9,4,下线,不限购,标品,33
157613454507124686,,6934928005677,泡吧小脆番茄味,,泡吧,休闲零食,膨化食品,休闲食品,膨化食品,薯片/薯条/玉米片,,3,7,上线,不限购,标品,38
157613454407124190,,6913689601946,五香料酒,,玉兔,粮油副食,调味料,调味品,调味汁,料酒,,6,10,上线,不限购,非标品,350
157613454507124570,,6950881299212,布鲁托海盐黄油小面包,,布鲁托,休闲零食,饼干点心,烘焙,面包类,餐包/汉堡类,,7,4,上线,不限购,非标品,108
157613454507124697,,6914782122727,熊博士混合酸奶味果趣星座棒袋装,,熊博士,休闲零食,即食食品,休闲食品,糖果类,棒棒糖,,5.8,3,上线,不限购,标品,48
157613454407124158,,6913689601663,清香米醋,,玉兔,粮油副食,调味料,调味品,调味汁,米醋,,14,5,上线,不限购,非标品,500
157613454507124705,,6935284415285,40火药辣条,,卫龙,休闲零食,即食食品,休闲食品,豆制品,面筋类,,5.8,3,上线,不限购,标品,40
157613454407124148,,6924546000802,小猪佩奇草莓味注心饼干,,亿智,休闲零食,饼干点心,休闲食品,饼干类,夹心饼干,,15.9,5,上线,不限购,标品,360
157613454407124170,,6917751461001,妙洁海绵百洁布2+1特惠装1*1,,妙洁,清洁洗护,清洁护理,居家日用,清洁工具,清洁用布,,6.6,10,上线,不限购,标品,10
157613454407124149,,6901668062086,趣多多巧克力曲奇饼干95g,,趣多多,休闲零食,饼干点心,休闲食品,饼干类,燕麦/巧克力饼干,,6.5,9,上线,不限购,标品,95
157613454507124674,,6920907808032,好丽友好多鱼鲜香海苔味33g,,好丽友,休闲零食,膨化食品,休闲食品,膨化食品,薯片/薯条/玉米片,,4.9,4,下线,不限购,标品,33
157613454507124702,,6914782122697,熊博士混合可乐味果趣星座棒袋装,,熊博士,休闲零食,即食食品,休闲食品,糖果类,棒棒糖,,5.8,3,上线,不限购,标品,48
157613454507124623,,6935284412178,65g大面筋,,卫龙,休闲零食,即食食品,豆制品,豆制干货类,面筋,,4.8,5,上线,不限购,标品,65
157613454507124618,,6924546001182,亿智汪汪队注心饼干草莓味,,亿智,休闲零食,饼干点心,休闲食品,饼干类,夹心饼干,,12.9,3,上线,不限购,标品,360
157613454407124141,,6924546000543,小猪佩奇牛奶曲奇饼干,,亿智,休闲零食,饼干点心,休闲食品,饼干类,曲奇饼干,,13.8,7,上线,不限购,标品,360
157613454407124135,,6917751440174,妙洁车载垃圾袋（特小号）50只,,妙洁,日用百货,,居家日用,清洁工具,垃圾袋,,12,11,上线,不限购,标品,50
157613454507124496,,8993175540643,丽芝士纳宝帝奶酪味威化饼干 145g,,丽芝士,休闲零食,饼干点心,休闲食品,饼干类,威化饼干,,9.9,5,上线,不限购,非标品,145
157613454307124073,,6955748500029,卓玛泉天然冰川水330ml,,其他品牌,酒水饮料,矿泉水,饮料,饮用水,矿泉水,,3,546,上线,不限购,标品,300
157613454407124151,,6902538005141,脉动水蜜桃味600ml,,脉动,酒水饮料,综合饮料,饮料,运动机能饮料,运动饮料,,4.5,12,上线,不限购,标品,600
157613454507124692,,6934928006247,泡吧小脆椒盐香辣味,,泡吧,休闲零食,膨化食品,休闲食品,膨化食品,薯片/薯条/玉米片,,3,7,上线,不限购,标品,38
157613454407124204,,6920616312097,旺旺雪饼84g,,旺旺,休闲零食,饼干点心,休闲食品,膨化食品,米饼/雪饼,,6,7,上线,不限购,标品,84
157613454507124565,,6936022101064,湖珍6枚咸鸭蛋336g,,湖珍,休闲零食,即食食品,肉禽蛋类,蛋品,蛋品礼盒,,15.5,0,上线,不限购,非标品,336
157613454407124185,,6920907801323,好丽友提拉米苏咖啡芝士味138g,,好丽友,休闲零食,饼干点心,休闲食品,糕点类,派,,12.5,4,上线,不限购,标品,138
157613454307124101,,6944312683626,鸥露本色手帕纸 4层,,鸥露,纸类用品,面巾/餐巾纸,居家日用,纸品湿巾,手帕纸,,1.2,803,上线,不限购,非标品,30
157613454307124077,,6944312690396,鸥露本色卫生纸（无芯1100g）,,鸥露,纸类用品,卫生纸,居家日用,纸品湿巾,抽纸,,30,16,上线,不限购,标品,1100
157613454307124096,,4897036692202,Monster(魔爪)柑橘味(白魔爪)330ml,,魔爪,酒水饮料,综合饮料,饮料,运动机能饮料,运动饮料,,6.8,111,上线,不限购,标品,330
157613454507124689,,6934928004373,泡吧小脆鸡肉味,,泡吧,休闲零食,膨化食品,休闲食品,膨化食品,薯片/薯条/玉米片,,3,7,上线,不限购,标品,38
157613454507124671,,6914782122703,熊博士混合水果味果趣星座棒袋装,,熊博士,休闲零食,即食食品,休闲食品,糖果类,果味/果肉果冻,,5.8,3,上线,不限购,标品,48
157613454507124660,,6924160715205,无穷 酱卤鸭小腿,,无穷,休闲零食,即食食品,休闲食品,肉干肉脯,鸭肉类,,17,0,上线,不限购,标品,90
157613454507124646,,6950881299502,布鲁托纯蛋糕,,布鲁托,休闲零食,饼干点心,烘焙,蛋糕类,乳酪蛋糕,,7,0,上线,不限购,非标品,120
157613454507124683,,6920698400378,康师傅超爽桶红烧牛肉面(桶)145g,,康师傅,方便食品,方便面/粉丝,便利食品,方便速食,方便面,,5.5,0,上线,不限购,标品,145
157613454507124680,,6936555100121,芬达汽水橙味500ml,,可口可乐,酒水饮料,综合饮料,饮料,碳酸饮料,加味汽水,,3.5,24,上线,不限购,非标品,500
157613454507124657,,6970417723318,小白心里软-暖暖面包（酸奶味）2枚装,,慕兰卡,休闲零食,饼干点心,其他,其他,其他,,7,3,上线,不限购,非标品,380
157613454407124161,,6925489700088,伯力爵白巧克力味,,伯力爵,休闲零食,饼干点心,休闲食品,巧克力,白巧克力,,16.6,5,上线,不限购,标品,103
157613454507124573,,6920616311113,旺旺仙贝52g,,旺旺,休闲零食,饼干点心,休闲食品,膨化食品,米饼/雪饼,,6.5,7,上线,不限购,标品,52
157613454407124147,,6921168500956,农夫水溶柠檬味C100445ml,,农夫山泉,酒水饮料,综合饮料,饮料,果汁饮料,单种果汁饮料,,5,13,上线,不限购,标品,445
157613454407124201,,6924546001199,亿智汪汪队注心饼干巧克力味,,亿智,休闲零食,饼干点心,休闲食品,饼干类,夹心饼干,,12.9,4,上线,不限购,标品,360
157613454407124193,,6941241591596,天下第一村烧饼金边礼盒65g,,天下第一村,休闲零食,饼干点心,其他,其他,其他,,82,0,上线,不限购,非标品,520
157613454407124150,,6950881299472,布鲁托纯吐司（原味）,,布鲁托,休闲零食,饼干点心,烘焙,面包类,吐司类,,7,9,上线,不限购,非标品,105
157613454507124502,,6925303773229,统一来一桶卤香牛肉面115g,,统一,方便食品,方便面/粉丝,便利食品,方便速食,方便面,,4.5,13,上线,不限购,标品,113
157613454507124606,,8993175537469,丽巧克纳宝帝巧克力味威化饼干 145g,,丽芝士,休闲零食,饼干点心,休闲食品,饼干类,威化饼干,,9.9,4,上线,不限购,标品,145
157613454507124559,,6925303730574,统一阿萨姆奶茶500ml,,统一,酒水饮料,综合饮料,饮料,乳品饮料,奶茶饮料,,4.8,10,上线,不限购,标品,500
157613454407124181,,6903252060263,康师傅经典香辣牛肉面100g,,康师傅,方便食品,方便面/粉丝,便利食品,方便速食,方便面,,3,20,上线,不限购,标品,102
157613454507124551,,6970417723257,小白心里软-小口袋面包（酸奶味）4枚装,,慕兰卡,休闲零食,饼干点心,休闲食品,糕点类,面包类,,8,8,上线,不限购,非标品,500
157613454407124155,,6902538007367,脉动维生素饮料海盐青芒600ml,,脉动,酒水饮料,综合饮料,饮料,运动机能饮料,运动饮料,,4.5,15,上线,不限购,标品,600
157613454407124197,,6902538007169,脉动维生素饮料椰子菠萝600ml,,脉动,酒水饮料,综合饮料,饮料,运动机能饮料,运动饮料,,4.5,12,上线,不限购,标品,600
157613454507124562,,6934706601459,鲶鱼沟小米,,鲶鱼沟,粮油副食,米面,水产,淡水鱼类,鲶鱼,,9.9,5,上线,不限购,非标品,410
157613454507124613,,6901754040936,乌江脆口榨菜150g,,乌江,粮油副食,腌渍酱品,调味品,酱菜类,蔬菜类,,4.5,10,上线,不限购,标品,150
157613454507124557,,6917751430670,妙洁加韧耐用平底垃圾袋(30*3卷)45cm*50cm,,妙洁,日用百货,,居家日用,清洁工具,垃圾袋,,16.8,3,上线,不限购,标品,125
157613454507124610,,6935855700475,38g都市牧场爽口含片西瓜味,,都市牧场,休闲零食,糖果类,休闲食品,糖果类,润喉糖,,8.5,3,上线,不限购,标品,38
157613454507124575,,6932873825395,A&S棉柔透气护翼迷你巾8片,,A&S,纸类用品,卫生用品,个护清洁,卫生护理,卫生巾,,7.9,6,上线,不限购,非标品,300
157613454507124602,,8993175545082,纳宝帝软心趣布朗尼风味注心曲奇14g,,丽芝士,休闲零食,饼干点心,休闲食品,饼干类,曲奇饼干,,8,4,上线,不限购,非标品,14
157613454307124113,,6959479300439,沃隆每日坚果(B)175g,,沃隆,休闲零食,干果炒货,休闲食品,坚果炒货,混合坚果/坚果礼包,,42,10,上线,不限购,标品,175
157613454307124057,,6944312683503,鸥露本色面巾纸390张 3层,,鸥露,纸类用品,面巾/餐巾纸,居家日用,纸品湿巾,抽纸,,7.2,453,上线,不限购,标品,100
157613454307124116,,6920908402017,可口可乐500ml,,可口可乐,酒水饮料,综合饮料,饮料,碳酸饮料,可乐,,3.5,69,上线,不限购,标品,500
157613454307124109,,6923644285074,蒙牛特仑苏有机纯牛奶250ml*12,,蒙牛,乳品饮料,,乳制品,常温奶,常温全脂牛奶,,99,0,上线,不限购,标品,250
157613454307124053,,6920202888883,红牛维他命饮料250ml,,红牛,酒水饮料,综合饮料,饮料,运动机能饮料,机能保健饮料,,6,252,上线,不限购,标品,250
157613454307124131,,6917878030623,雀巢咖啡丝滑拿铁瓶装268ml,,雀巢,酒水饮料,综合饮料,饮料,咖啡饮料,咖啡/可可饮料,,6.5,16,上线,不限购,标品,268
157613454407124146,,6917751420169,妙洁灵巧型绒里手套M1*1,,妙洁,日用百货,,居家日用,清洁工具,家务手套,,10.8,8,上线,不限购,标品,125
157613454407124136,,6903148231234,护舒宝云感棉极薄量多日用/夜用8片卫生巾,,护舒宝,纸类用品,卫生用品,服饰鞋包,服饰配件,围巾/丝巾/披肩,,12,11,上线,不限购,标品,300
157613454407124142,,6924546000703,小猪佩奇蔓越莓曲奇饼干,,亿智,休闲零食,饼干点心,休闲食品,饼干类,曲奇饼干,,13.8,7,上线,不限购,标品,360
157613454307124065,,6922307203332,崂山白花蛇草水瓶装330ml,,崂山,酒水饮料,矿泉水,饮料,饮用水,矿泉水,,5,292,上线,不限购,标品,330
157613454307124128,,6951239709346,国杞天香枸杞干果(特优级)220g,,国杞天香,南北干货,枸杞阿胶,粮油米面,南北干货,枸杞,规格:220g  ,48,4,上线,不限购,标品,200
157613454407124140,,6917751461148,妙洁金属钢丝球1*1,,妙洁,清洁洗护,清洁护理,居家日用,清洁工具,钢丝球,,9.5,11,上线,不限购,标品,300
157613454407124138,,6903252033700,康师傅经典小鸡炖蘑菇面93g,,康师傅,方便食品,方便面/粉丝,便利食品,方便速食,方便面,,3,29,上线,不限购,标品,100
157613454407124143,,6902538004045,脉动青柠味600ml,,脉动,酒水饮料,综合饮料,饮料,运动机能饮料,运动饮料,,4.5,18,上线,不限购,标品,600
157613454407124134,,6903148240908,欧乐B牙龈专护(持续修护清新)140G,,欧乐-B,清洁洗护,牙膏牙刷,个护清洁,口腔护理,牙膏,,44,4,上线,不限购,标品,140
157613454407124137,,6925332604068,米老头米通芝麻味400g,,米老头,休闲零食,膨化食品,休闲食品,膨化食品,米通麦通,,18,7,上线,不限购,标品,400
157613454407124133,,6907992512570,伊利安慕希酸奶205g,,伊利,乳品饮料,,乳制品,常温酸奶,常温原味酸奶,,6,24,上线,不限购,标品,205
157613454307124118,,6903148237366,欧乐B牙龈专护牙膏(对抗红肿出血)140克,,欧乐-B,清洁洗护,牙膏牙刷,个护清洁,口腔护理,牙膏,,44,5,上线,不限购,标品,140
157613454407124144,,6902538007381,脉动维生素饮料仙人掌青橘600ml,,脉动,酒水饮料,综合饮料,饮料,运动机能饮料,运动饮料,,4.5,18,上线,不限购,标品,600
157613454307124068,,6944312690372,鸥露本色卫生纸(有芯150g）,,鸥露,纸类用品,卫生纸,居家日用,纸品湿巾,卷筒纸,,4.2,470,上线,不限购,非标品,150
157613454307124062,,6913936052606,景阳春六年红坛35°500ml,,景阳春,酒水饮料,酒类,其他,其他,其他,,42,40,上线,不限购,非标品,500
157613454407124139,,6925303754952,统一小茗同学冷泡茶青柠红茶480ml,,统一,酒水饮料,综合饮料,饮料,茶饮料,红茶饮料,,5.5,16,上线,不限购,标品,480
157613454307124129,,6921168504015,尖叫多肽型运动饮料550ml,,农夫山泉,酒水饮料,综合饮料,饮料,运动机能饮料,运动饮料,,4.5,41,上线,不限购,标品,550
157613454307124122,,6932522009633,公社联盟零食大礼包1*1,,公社联盟,休闲零食,蜂蜜蜜饯,其他,其他,其他,,105,0,上线,不限购,非标品,3000
157613454307124130,,2000101900184,咏鹅至尊记忆棉腰靠+颈枕2件套,,其他,日用百货,,家居家装,软家具,靠垫,,226,0,上线,不限购,非标品,200
157613454407124145,,9555030107614,碧富牌薄荷柠檬味糖果,,碧富牌,休闲零食,糖果类,休闲食品,糖果类,润喉糖,,6.6,13,上线,不限购,非标品,15
15761343830744803,,6952882318343,天鹭无花果脆20g,,天鹭,休闲零食,干果炒货,水果,无花果类,无花果,,9,3,上线,不限购,非标品,20
15761343820744024,,6911988005229,达利园手指饼115g,,达利园,休闲零食,饼干点心,休闲食品,饼干类,苏打饼干,,4,10,上线,不限购,标品,115
15761343840745088,,6902265610014,海天白米醋450ml,,海天,粮油副食,调味料,调味品,调味汁,米醋,,7.5,3,上线,不限购,标品,450
15761343810743788,,6920907813906,好丽友点点酱意式番茄酱味70g,,好丽友,休闲零食,膨化食品,休闲食品,膨化食品,薯片/薯条/玉米片,,5.9,6,上线,不限购,标品,70
15761343820744291,,6901668004833,奥利奥巧轻脆薄片夹心浓情提拉米苏味95g,,奥利奥,休闲零食,饼干点心,休闲食品,饼干类,夹心饼干,,8,3,上线,不限购,标品,95
15761343810743614,,6914782203327,徐福记凤梨酥184g,,徐福记,休闲零食,饼干点心,休闲食品,糕点类,酥饼/馅饼,,13,4,上线,不限购,标品,182
15761343840745154,,6970711660012,水杉精制碘盐350g,,水杉,粮油副食,调味料,调味品,调味料,食用盐,,2,12,上线,不限购,非标品,350
15761343810743458,,6914782082441,徐福记沙琪玛芝麻香酥160g,,徐福记,休闲零食,饼干点心,休闲食品,糕点类,沙琪玛,,14,4,上线,不限购,标品,160
15761343840745405,,6946995500160,福佳香椰麦之恋面包120g,,其他,休闲零食,饼干点心,烘焙,面包类,餐包/汉堡类,,6,4,上线,不限购,非标品,120
15761343830744596,,6952299466514,尚吧小腿王盐h味35g,,尚吧,方便食品,泡面伴侣,其他,其他,其他,,2.5,8,上线,不限购,非标品,35
15761343830744951,,6920907800913,好丽友派(巧克力味)68g,,好丽友,休闲零食,饼干点心,休闲食品,糕点类,派,,3.9,5,上线,不限购,标品,68
15761343830744536,,6919892656209,康师傅甜酥夹心饼干草莓酸奶味80g,,康师傅,休闲零食,饼干点心,休闲食品,饼干类,夹心饼干,,4.5,11,上线,不限购,标品,80
15761343790742647,,6932522000982,公社联盟山楂饴100g,,公社联盟,休闲零食,蜂蜜蜜饯,水果,山楂类,山楂,,10.8,0,上线,不限购,非标品,100
15761343810743266,,6921168504022,尖叫运动饮料纤维型550ml,,农夫山泉,酒水饮料,综合饮料,饮料,运动机能饮料,运动饮料,,4.5,9,上线,不限购,标品,550
15761343830744555,,6924693000588,元之源牛蹄筋香辣75g,,其他,休闲零食,即食食品,休闲食品,肉干肉脯,牛肉类,,15,6,上线,不限购,非标品,118
15761343830744614,,6927462204019,金锣加钙王40g*10,,金锣,方便食品,泡面伴侣,便利食品,方便速食,火腿肠,,13.9,0,上线,不限购,标品,400
15761343830744780,,6911988000279,达利园好吃点榛仁酥146g,,好吃点,休闲零食,饼干点心,休闲食品,饼干类,营养/消化饼干,,5,4,上线,不限购,标品,146
15761343830744447,,6901294179561,六神清凉香皂特惠三块装（绿茶+甘草）125g,,六神,清洁洗护,洗发沐浴,个护清洁,洁肤,香皂,,14,0,上线,不限购,标品,125
15761343830744684,,6925332600053,米老头雪花煎卷花生味150g,,米老头,休闲零食,饼干点心,休闲食品,糕点类,蛋卷类,,6.5,3,上线,不限购,标品,150
15761343830744649,,6919892880208,康师傅美味酥什锦烧烤味85g,,康师傅,休闲零食,饼干点心,休闲食品,饼干类,苏打饼干,,4,6,上线,不限购,标品,85
15761343830744716,,6935855702110,都市牧场西瓜味无糖薄荷糖21.8g,,都市牧场,休闲零食,糖果类,休闲食品,糖果类,润喉糖,,6.9,4,上线,不限购,标品,22
15761343830744638,,6932522000999,公社联盟山楂片100g,,公社联盟,休闲零食,蜂蜜蜜饯,休闲食品,蜜饯果干类,山楂制品,,10.8,3,上线,不限购,非标品,100
15761343830744608,,6946995500689,福佳香英伦麦琪夹心面包132g,,其他,休闲零食,饼干点心,休闲食品,糕点类,面包类,,6,0,上线,不限购,标品,132
15761343820744281,,6914782202511,徐福记米果卷咸香芝士味90g,,徐福记,休闲零食,饼干点心,休闲食品,膨化食品,米通麦通,,6.9,4,上线,不限购,标品,90
15761343750741131,,6935490261836,清嘴双果含片芒果+香蕉6.9g,,其他,休闲零食,糖果类,休闲食品,糖果类,润喉糖,,7.8,13,上线,不限购,非标品,7
15761343830744544,,6901668005748,奥利奥夹心饼干原味58g,,奥利奥,休闲零食,饼干点心,休闲食品,饼干类,夹心饼干,,4.5,5,上线,不限购,标品,58
15761343840744986,,6934364807262,米老头多谷果子蛋黄味160g,,米老头,休闲零食,饼干点心,休闲食品,膨化食品,米通麦通,,10,6,上线,不限购,标品,160
15761343840745200,,6901586105094,威猛先生84除菌液700g,,威猛先生,清洁洗护,清洁护理,日化用品,家居清洁品,消毒液,,9,0,上线,不限购,标品,700
15761343830744602,,6921204802204,欣和豆瓣酱300g,,欣和,粮油副食,调味料,调味品,调味酱,豆瓣酱,,8.9,3,上线,不限购,标品,300
15761343840745164,,6944839992065,康师傅茉莉清茶1L,,康师傅,酒水饮料,综合饮料,饮料,茶饮料,花茶饮料,,4.5,4,上线,不限购,标品,1000
15761343820743912,,6921168532025,农夫果园混合果汁菠萝+芒果+番石榴500ml,,农夫山泉,酒水饮料,综合饮料,饮料,果汁饮料,混合果汁饮料,,5,5,上线,不限购,标品,500
15761343840745376,,6917878030531,趣满果软糖混合果汁21g,,雀巢,休闲零食,糖果类,休闲食品,糖果类,软糖,,3.5,5,上线,不限购,非标品,21
15761343840745134,,6925303791230,统一汤达人海鲜拉面110g,,统一,方便食品,方便面/粉丝,便利食品,方便速食,方便面,,8.5,0,上线,不限购,标品,110
15761343830744976,,6939249402556,龙大肉食香卤凤爪30g,,龙大,休闲零食,即食食品,休闲食品,肉干肉脯,鸡肉类,,2.5,0,上线,不限购,标品,30
15761343830744772,,6920907800616,好丽友蛋黄派46g,,好丽友,休闲零食,饼干点心,休闲食品,糕点类,派,,4.5,4,上线,不限购,标品,46
15761343830744812,,6923450601549,绿箭薄荷味口香糖64g,,箭牌,休闲零食,糖果类,休闲食品,糖果类,口香糖,,9.9,6,上线,不限购,标品,64
15761343840745431,,6946995502003,福佳香手撕面包118g,,其他,休闲零食,饼干点心,休闲食品,糕点类,面包类,,6,4,上线,不限购,非标品,118
15761343830744550,,6934364807248,米老头多谷果子海苔味160g,,米老头,休闲零食,饼干点心,休闲食品,海产品,海苔类,,10,3,上线,不限购,标品,160
15761343830744739,,6932873822127,顺清柔去汗醒肤湿巾10片,,洁昕,纸类用品,湿纸巾,居家日用,纸品湿巾,湿纸巾,,2.5,8,上线,不限购,标品,100
15761343830744572,,6925489700446,丹夫扭仔大酥烤肉味60g,,其他,休闲零食,饼干点心,休闲食品,糕点类,酥饼/馅饼,,7.8,3,上线,不限购,非标品,60
15761343810743480,,6903252714074,康师傅老坛酸菜牛肉面(桶装)124g,,康师傅,方便食品,方便面/粉丝,便利食品,方便速食,方便面,,5,9,上线,不限购,标品,118
15761343750740795,,6948195840336,金龙鱼饺子专用麦芯粉5kg,,金龙鱼,粮油副食,米面,粮油米面,面粉类,中筋面粉,,59,0,上线,不限购,标品,5000
15761343820744251,,6943544370380,可拉奥牛乳饼干原味145g,,可拉奥,休闲零食,饼干点心,休闲食品,饼干类,其他饼干,,6,5,上线,不限购,标品,145
15761343830744920,,6920907808179,好丽友好多鱼脆香烧烤味33g,,好丽友,休闲零食,膨化食品,休闲食品,饼干类,苏打饼干,,4.9,4,上线,不限购,标品,33
15761343820744213,,6922456896508,康师傅绿茶1L,,康师傅,酒水饮料,综合饮料,饮料,茶饮料,绿茶饮料,,4.8,6,上线,不限购,标品,1000
15761343820744229,,6935820218202,稻香村小麻花五香味120g,,其他,休闲零食,饼干点心,休闲食品,糕点类,麻花,,9,4,上线,不限购,非标品,120
15761343830744655,,6901668200235,太平加钙梳打香葱味100g,,太平,休闲零食,饼干点心,休闲食品,饼干类,苏打饼干,,4.5,5,上线,不限购,标品,100
15761343840745318,,6920354817052,高露洁细毛护龈牙刷单支装1*1,,龙路,清洁洗护,牙膏牙刷,个护清洁,口腔护理,普通牙刷,,3.6,6,上线,不限购,标品,20
15761343830744908,,6909995103694,旺旺小小酥黑胡椒味60g,,旺旺,休闲零食,膨化食品,休闲食品,膨化食品,膨化饼干/膨化甜甜圈,,4.5,5,上线,不限购,标品,60
15761343840745077,,6956416203426,美汁源果粒奶优草莓450g,,可口可乐,乳品饮料,,饮料,乳品饮料,果奶饮料,,4.5,4,上线,不限购,标品,450
15761343840745238,,6901754131016,乌江麻辣萝卜60g,,乌江,方便食品,泡面伴侣,调味品,酱菜类,蔬菜类,,2,8,上线,不限购,标品,60
15761343840745190,,6911988014276,达利园和其正凉茶550ml,,和其正,酒水饮料,综合饮料,饮料,茶饮料,凉茶饮料,,5,19,上线,不限购,标品,550
15761343840745174,,6901754060101,乌江脆口萝卜150g,,乌江,粮油副食,腌渍酱品,调味品,酱菜类,蔬菜类,,4.9,4,上线,不限购,标品,150
15761343840745061,,6902083891329,娃哈哈营养快线香草味500ml,,娃哈哈,乳品饮料,,饮料,乳品饮料,果奶饮料,,5,3,上线,不限购,标品,500
15761343840745213,,6901754131061,乌江凉拌海带丝鲜香味70g,,乌江,方便食品,泡面伴侣,调味品,酱菜类,蔬菜类,,3.5,7,上线,不限购,标品,70
15761343840745143,,6924693000489,元之源烧烤牛肉75g,,其他,休闲零食,即食食品,休闲食品,肉干肉脯,牛肉类,,20,5,上线,不限购,非标品,75
15761343820744202,,6920731763156,康师傅松派夹心饼草莓牛奶118g,,康师傅,休闲零食,饼干点心,休闲食品,饼干类,夹心饼干,,4.9,5,上线,不限购,标品,118
15761343790742570,,6913936068409,景芝老烧42°480ml,,其他,酒水饮料,酒类,其他,其他,其他,,12,5,上线,不限购,非标品,480
15761343820744035,,6920907813883,好丽友点点酱和风沙拉酱味70g,,好丽友,休闲零食,膨化食品,休闲食品,膨化食品,薯片/薯条/玉米片,,5.9,5,上线,不限购,标品,70
15761343820743902,,6914782203747,徐福记法式薄饼花生味85g,,徐福记,休闲零食,饼干点心,休闲食品,饼干类,苏打饼干,,8,5,上线,不限购,标品,122
15761343820744191,,6939249400484,龙大肉食粽香卤蛋30g,,龙大,方便食品,泡面伴侣,便利食品,方便速食,蛋类,,1.9,16,上线,不限购,标品,30
15761343830744588,,6923450681831,彩虹糖果莓味40g,,彩虹糖,休闲零食,糖果类,休闲食品,糖果类,软糖,,4.5,6,上线,不限购,标品,40
15761343830744879,,6914782083189,徐福记小丸煎饼黑芝麻100g,,徐福记,休闲零食,饼干点心,休闲食品,糕点类,煎饼,,6.9,3,上线,不限购,标品,100
15761343830744645,,6932522000968,公社联盟山楂球108g,,公社联盟,休闲零食,蜂蜜蜜饯,水果,山楂类,山楂,,10.8,3,上线,不限购,非标品,108
15761343830744679,,6923450662106,箭牌5弹立方口香糖酷酸草莓味18粒40g,,5,休闲零食,糖果类,休闲食品,糖果类,口香糖,,11.9,0,上线,不限购,标品,40
15761343830744793,,6911988000286,达利园好吃点核桃酥146g,,龙须,休闲零食,饼干点心,休闲食品,饼干类,营养/消化饼干,,5,3,上线,不限购,标品,146
15761343830744646,,6921168593620,农夫山泉水柠檬530ml,,农夫山泉,酒水饮料,综合饮料,饮料,果汁饮料,单种果汁饮料,,4.5,4,上线,不限购,标品,530
15761343830744580,,6925489701290,丹夫扭仔大酥海盐焦糖味60g,,其他,休闲零食,饼干点心,休闲食品,糕点类,酥饼/馅饼,,7.8,4,上线,不限购,非标品,60
15761343830744475,,6920907807943,好丽友蘑古力酸奶味41g,,好丽友,休闲零食,饼干点心,休闲食品,饼干类,燕麦/巧克力饼干,,5,5,上线,不限购,标品,41
15761343830744822,,6939249403034,龙大肉食泡椒凤爪30g,,龙大,休闲零食,即食食品,休闲食品,肉干肉脯,鸡肉类,,2.5,0,上线,不限购,标品,30
15761343830744620,,4897022620301,京都念慈C金桔柠檬糖60g,,念慈C,休闲零食,即食食品,休闲食品,糖果类,硬糖,,25,13,上线,不限购,标品,60
15761343830744889,,6920907808070,好丽友蘑古力装饰饼干红豆巧克力味48g,,好丽友,休闲零食,饼干点心,休闲食品,饼干类,燕麦/巧克力饼干,,5,4,上线,不限购,标品,48
15761343830744744,,6936588315028,湘姿元原来是鱼小鱼仔17g,,其他,休闲零食,即食食品,休闲食品,海产品,鱼类,,1.8,12,上线,不限购,非标品,17
15761343830744690,,6971372301511,吟果榴莲腰果40g,,其他,休闲零食,干果炒货,休闲食品,坚果炒货,腰果类,,15.6,0,上线,不限购,非标品,40
15761343830744464,,6932522001194,公社联盟糖葫芦25g,,公社联盟,休闲零食,膨化食品,蔬菜,茄果类,西葫芦,,6,4,上线,不限购,非标品,25
15761343810743208,,6935820200443,稻香村腰果酥145g,,稻香村,休闲零食,饼干点心,休闲食品,糕点类,酥饼/馅饼,,12,5,上线,不限购,标品,145
15761343820743873,,6934364801123,米老头蛋黄煎饼饼干原味150g,,米老头,休闲零食,饼干点心,休闲食品,糕点类,煎饼,,10,3,上线,不限购,标品,150
15761343820744015,,6920731701103,康师傅妙芙欧式蛋糕奶油味96g,,康师傅,休闲零食,饼干点心,休闲食品,糕点类,蛋糕,,8,5,上线,不限购,标品,96
15761343820744176,,6936022101095,湖珍6枚松花蛋336g,,湖珍,休闲零食,即食食品,肉禽蛋类,蛋品,鸡蛋,,15.5,0,上线,不限购,非标品,336
15761343820744261,,6903337002737,龙大绿豆宽粉160g,,龙大,粮油副食,米面,粮油米面,南北干货,粉丝/粉条,,11.5,3,上线,不限购,标品,160
15761343820744241,,6919892633101,康师傅3+2夹心苏打香浓奶油味125g,,康师傅,休闲零食,饼干点心,休闲食品,饼干类,夹心饼干,,6,4,上线,不限购,标品,125
15761343820744069,,6914782083219,徐福记卷心酥草莓味105g,,徐福记,休闲零食,饼干点心,休闲食品,糕点类,酥饼/馅饼,,8.5,5,上线,不限购,标品,105
15761343820743994,,6910019012588,雕牌清新柠檬洗洁精1.228kg,,纳爱斯,清洁洗护,清洁护理,日化用品,厨房清洁,洗洁精,,12.8,3,上线,不限购,标品,1228
15761343820744078,,6937885070139,润荷婴儿护肤柔湿巾启封装80片,,润荷,纸类用品,湿纸巾,母婴,婴儿护理清洁,婴儿纸巾/婴儿湿巾,,12,3,上线,不限购,标品,30
15761343820744365,,6952882381699,天鹭菌菇蛋花汤18g,,天鹭,方便食品,方便粥饭汤,便利食品,方便速食,蔬菜类汤料,,5.8,6,上线,不限购,非标品,18
15761343820744089,,6927462207959,金锣王中王70g,,金锣,方便食品,泡面伴侣,便利食品,方便速食,火腿肠,,3.5,11,上线,不限购,标品,70
15761343820744397,,6911988000293,达利园好吃点杏仁酥146g,,好吃点,休闲零食,饼干点心,休闲食品,饼干类,营养/消化饼干,,5,4,上线,不限购,标品,146
15761343820744270,,6901668053510,奥利奥巧脆卷香草口味55g,,奥利奥,休闲零食,饼干点心,休闲食品,饼干类,夹心饼干,,6,4,上线,不限购,标品,55
15761343820744111,,2000102550562,雀巢脆脆鲨9.9元惠享装1*1,,其他,休闲零食,饼干点心,其他,其他,其他,,9.9,3,上线,不限购,非标品,300
15761343820743983,,6935490261829,清嘴双果含片西柚+甜橙6.9g,,其他,休闲零食,糖果类,水果,柚子类,西柚,,7.8,5,上线,不限购,非标品,7
15761343820744045,,6923450690703,绿箭脆皮软心薄荷糖柠檬薄荷味80g,,绿箭,休闲零食,糖果类,休闲食品,糖果类,润喉糖,,12,3,上线,不限购,标品,80
15761343820744165,,6921204802099,欣和豆瓣酱800g,,欣和,粮油副食,调味料,调味品,调味酱,豆瓣酱,,14.9,0,上线,不限购,标品,800
15761343820744059,,6922742001616,沙土椒盐花生米110g,,沙土,休闲零食,干果炒货,粮油米面,杂粮粗粮,花生,,4.8,0,上线,不限购,标品,110
15761343820744101,,6936588315035,湘姿元武冈卤豆干香辣味25g,,其他,休闲零食,即食食品,休闲食品,豆制品,豆干类,,1.8,21,上线,不限购,非标品,30
15761343820744375,,6952882381323,天鹭杯装菠菜蛋汤8g,,天鹭,方便食品,方便粥饭汤,蔬菜,叶菜类,菠菜,,5.8,6,上线,不限购,非标品,8
15761343820744386,,6956416200425,美汁源酷儿香橙450ml,,可口可乐,酒水饮料,综合饮料,饮料,果汁饮料,单种果汁饮料,,4,5,上线,不限购,标品,450
15761343750741039,,4897022620516,京都念慈C枇杷糖60g,,念慈C,休闲零食,即食食品,休闲食品,糖果类,硬糖,,25,4,上线,不限购,标品,60
15761343820744311,,6932522000852,公社联盟蜜枣150g,,公社联盟,休闲零食,膨化食品,其他,其他,其他,,12,3,上线,不限购,非标品,150
15761343800743049,,6928607380537,川婆婆木耳原味200g,,川婆婆,粮油副食,腌渍酱品,调味品,调味酱,香菇酱,,13.8,4,上线,不限购,标品,200
15761343810743678,,6923450658079,5口香糖激酷薄荷32g,,5,休闲零食,糖果类,休闲食品,糖果类,口香糖,,6.5,7,上线,不限购,标品,32
15761343820743858,,6922507057353,康师傅冰糖山楂500ml,,龙虎,酒水饮料,综合饮料,饮料,果汁饮料,单种果汁饮料,,3.5,13,上线,不限购,标品,500
15761343800742773,,6939894812519,雪碧汽水清爽柠檬味1.25L,,可口可乐,酒水饮料,综合饮料,饮料,碳酸饮料,加味汽水,,6.8,10,上线,不限购,标品,1250
15761343810743291,,6901668004895,奥利奥巧轻脆薄片夹心饼干香草慕斯味95g,,奥利奥,休闲零食,饼干点心,休闲食品,饼干类,夹心饼干,,8,5,上线,不限购,标品,95
15761343780741932,,6923450690642,绿箭脆皮软心薄荷糖原味薄荷味80g,,绿箭,休闲零食,糖果类,休闲食品,糖果类,润喉糖,,12,6,上线,不限购,标品,80
15761343810743578,,6914782114371,熊博士口嚼糖草莓牛奶味52g,,徐福记,休闲零食,糖果类,休闲食品,糖果类,软糖,,4,12,上线,不限购,标品,52
15761343810743470,,6910019006518,雕牌超能皂226g,,纳爱斯,清洁洗护,清洁护理,日化用品,衣物清洁/护理,洗衣皂,,4,13,上线,不限购,标品,226
15761343820743907,,6919892880109,康师傅美味酥点点葱香味85g,,康师傅,休闲零食,饼干点心,休闲食品,饼干类,苏打饼干,,4,9,上线,不限购,标品,85
15761343820743896,,6914782083196,徐福记小丸煎饼鸡蛋味100g,,徐福记,休闲零食,饼干点心,休闲食品,糕点类,煎饼,,6.9,5,上线,不限购,标品,100
15761343810743650,,4718037133146,巧益鲜奶薄饼270g,,巧益,休闲零食,饼干点心,其他,其他,其他,,14,4,上线,不限购,非标品,270
15761343800743067,,6928607380513,川婆婆豆豉原味200g,,川婆婆,粮油副食,腌渍酱品,调味品,调味酱,豆豉酱,,13.8,4,上线,不限购,非标品,200
15761343800743058,,6928607380544,川婆婆木耳微辣200g,,川婆婆,粮油副食,腌渍酱品,蔬菜,菌菇类,黑木耳,,13.8,4,上线,不限购,非标品,200
15761343750740832,,6920907806359,好丽友木糖醇无糖口香糖西域水果味101g,,好丽友,休闲零食,糖果类,休闲食品,糖果类,口香糖,,18,5,上线,不限购,标品,101
15761343810743236,,6925332604198,米老头农夫小舍麦通芝麻味400g,,米老头,休闲零食,膨化食品,休闲食品,膨化食品,米通麦通,,18,4,上线,不限购,标品,400
15761343790742591,,6924693000564,元之源风味羊杂香辣味180g,,其他,休闲零食,即食食品,休闲食品,膨化食品,锅巴/烤馍/干脆面/拉面丸子,,14,0,上线,不限购,非标品,150
15761343800742741,,6921168594351,农夫山泉尖叫运动饮料白桃味550ml,,农夫山泉,酒水饮料,综合饮料,饮料,运动机能饮料,运动饮料,,4.5,7,上线,不限购,标品,550
15761343810743754,,6901668005915,奥利奥缤纷双果味夹心饼干蓝莓味+树莓味97g,,奥利奥,休闲零食,饼干点心,休闲食品,饼干类,夹心饼干,,7.9,5,上线,不限购,标品,97
15761343810743741,,6932522000951,公社联盟果蔬山楂条108g,,公社联盟,休闲零食,蜂蜜蜜饯,休闲食品,蜜饯果干类,山楂制品,,9.9,5,上线,不限购,非标品,108
15761343760741179,,6917878033099,雀巢咖啡丝滑拿铁即溶咖啡饮品20g,,雀巢,酒水饮料,冲调饮品,冲调,咖啡,速溶咖啡,,4,24,上线,不限购,标品,20
15761343810743305,,6901668005717,奥利奥原味夹心饼干116g,,奥利奥,休闲零食,饼干点心,休闲食品,饼干类,夹心饼干,,7.2,7,上线,不限购,标品,116
15761343790742599,,6924693000540,元之源风味羊杂香辣味200g,,其他,休闲零食,即食食品,休闲食品,膨化食品,锅巴/烤馍/干脆面/拉面丸子,,14,3,上线,不限购,非标品,200
15761343810743372,,6935498308793,冠芳山楂树下山楂果汁果肉饮料350ml,,山楂树下,酒水饮料,综合饮料,休闲食品,蜜饯果干类,山楂制品,,5.5,11,上线,不限购,标品,350
15761343810743199,,6935820200450,稻香村花生酥145g,,稻香村,休闲零食,饼干点心,休闲食品,糕点类,酥饼/馅饼,,12,5,上线,不限购,标品,145
15761343820743799,,6971187580033,行者摩卡咖啡饮料180ml,,行者,酒水饮料,综合饮料,冲调,咖啡,方便装杯装咖啡,,11,4,上线,不限购,标品,180
15761343800742972,,6910019010317,雕牌超能洗衣皂柠檬草226g,,纳爱斯,清洁洗护,清洁护理,日化用品,衣物清洁/护理,洗衣皂,,6.6,9,上线,不限购,标品,226
15761343810743391,,6926892501033,银鹭好粥道紫薯紫米粥280g,,银鹭,方便食品,方便粥饭汤,便利食品,方便速食,速食粥,,5,10,上线,不限购,标品,280
15761343800742966,,6911988009852,达利园好吃点谷野高纤粗粮饼168g,,龙路,休闲零食,饼干点心,休闲食品,饼干类,苏打饼干,,6.5,9,上线,不限购,标品,168
15761343790742658,,6927462219563,金锣肉粒多猪肉香肠60g,,金锣,方便食品,泡面伴侣,便利食品,方便速食,火腿肠,,3,16,上线,不限购,标品,70
15761343810743604,,6902022130960,蓝月亮茶清天然绿茶洗洁精500g,,蓝月亮,清洁洗护,清洁护理,日化用品,厨房清洁,洗洁精,,11.8,4,上线,不限购,标品,500
15761343790742427,,6921168593583,农夫山泉茶π柠檬红茶500ml,,农夫山泉,酒水饮料,综合饮料,饮料,茶饮料,红茶饮料,,5.5,9,上线,不限购,标品,500
15761343780741918,,6934990600237,沂蒙人家农家小菜1.08kg（180g*6瓶）,,沂蒙人家,南北干货,菌菇类,调味品,酱菜类,蔬菜类,,78,0,上线,不限购,非标品,1080
15761343810743717,,6919892633200,康师傅3+2夹心饼干香草巧克力味125g,,康师傅,休闲零食,饼干点心,休闲食品,饼干类,夹心饼干,,6,7,上线,不限购,标品,125
15761343820743804,,6911988006585,达利园可比克薯片烧烤味105g,,达利园,休闲零食,膨化食品,休闲食品,膨化食品,薯片/薯条/玉米片,,9,4,上线,不限购,标品,110
15761343790742612,,69029110,益达无糖口香糖热带水果味32g,,益达,休闲零食,糖果类,休闲食品,糖果类,口香糖,,7,4,上线,不限购,标品,32
15761343810743747,,6926358400108,百钻优级绵白糖400g,,百钻,粮油副食,调味料,调味品,调味料,绵白糖,,7.9,6,上线,不限购,标品,400
15761343800742817,,6922307205886,崂山山泉水3.78L,,崂山,酒水饮料,矿泉水,饮料,饮用水,矿泉水,,12.5,3,上线,不限购,标品,3780
15761343750741099,,6914782106147,徐福记400酥心糖400g,,徐福记,休闲零食,糖果类,休闲食品,糖果类,硬糖,,25,4,上线,不限购,标品,400
15761343790742540,,6901294177659,六神香皂芦荟125g,,六神,清洁洗护,洗发沐浴,个护清洁,洁肤,香皂,,5.5,11,上线,不限购,标品,125
15761343810743413,,6924693000595,元之源风味羊杂原味200g,,其他,休闲零食,即食食品,其他,其他,其他,,14,0,上线,不限购,非标品,200
15761343810743697,,6925332600046,米老头雪花煎卷椰奶味150g,,米老头,休闲零食,饼干点心,休闲食品,糕点类,蛋卷类,,6.5,4,上线,不限购,标品,150
15761343820743890,,6920441541006,可口可乐汽水2L,,可口可乐,酒水饮料,综合饮料,饮料,碳酸饮料,可乐,,7,5,上线,不限购,非标品,12000
15761343730740294,,6948195840367,金龙鱼多用途麦芯小麦粉5kg,,金龙鱼,粮油副食,米面,粮油米面,面粉类,中筋面粉,,48,3,上线,不限购,标品,5000
15761343680737108,,6903148045206,海飞丝去屑洗发露柔润滋养型750ml,,海飞丝,清洁洗护,洗发沐浴,个护清洁,洗发护发,洗发水/洗发露/洗发膏,,108,8,上线,不限购,标品,750
15761343820743809,,6911988006561,达利园可比克薯片番茄味105g,,达利园,休闲零食,膨化食品,休闲食品,膨化食品,薯片/薯条/玉米片,,9,5,上线,不限购,标品,110
15761343810743588,,6914782114395,熊博士口嚼糖鲜奶味52g,,徐福记,休闲零食,糖果类,休闲食品,糖果类,软糖,,4,11,上线,不限购,标品,52
15761343820743868,,6920907808018,好丽友蘑古力装饰饼干巧克力味48g,,好丽友,休闲零食,饼干点心,休闲食品,饼干类,燕麦/巧克力饼干,,5,7,上线,不限购,标品,48
15761343820743832,,6935855702080,都市牧场水蜜桃味无糖薄荷糖21.8g,,都市牧场,休闲零食,糖果类,休闲食品,糖果类,润喉糖,,6.9,6,上线,不限购,标品,22
15761343820743881,,6921168593613,农夫山泉水柚子530ml,,农夫山泉,酒水饮料,综合饮料,饮料,果汁饮料,单种果汁饮料,,4.5,6,上线,不限购,标品,530
15761343810743511,,6934364801390,米老头蛋黄煎饼牛奶味150g,,米老头,休闲零食,饼干点心,休闲食品,糕点类,煎饼,,10,4,上线,不限购,标品,150
15761343810743794,,6971187580026,行者拿铁咖啡饮料180ml,,行者,酒水饮料,综合饮料,饮料,咖啡饮料,咖啡/可可饮料,,11,4,上线,不限购,标品,180
15761343810743669,,6921168594368,农夫山泉尖叫运动饮料青芒味550ml,,农夫山泉,酒水饮料,综合饮料,饮料,运动机能饮料,运动饮料,,4.5,8,上线,不限购,标品,550
15761343820743863,,6923450658925,5口香糖魅幻蓝莓32g,,5,休闲零食,糖果类,休闲食品,糖果类,口香糖,,6.5,5,上线,不限购,标品,32
15761343810743712,,6952832810545,金喜燕手擀风味挂面1000g,,其他,粮油副食,米面,粮油米面,挂面/面条,普通挂面/面条,,7.9,3,上线,不限购,非标品,1000
15761343810743569,,6902022130342,蓝月亮芦荟抑菌洗手液300g,,蓝月亮,清洁洗护,清洁护理,个护清洁,洁肤,洗手液,,11.8,4,上线,不限购,标品,300
15761343810743705,,6926892528085,银鹭低糖莲子八宝粥360g,,银鹭,方便食品,方便粥饭汤,便利食品,方便速食,速食粥,,5,10,上线,不限购,标品,360
15761343810743449,,6919892656100,康师傅甜酥夹心饼干榛子巧克力味80g,,康师傅,休闲零食,饼干点心,休闲食品,饼干类,夹心饼干,,4.5,11,上线,不限购,标品,80
15761343810743630,,4718037133153,巧益酥脆蔬菜薄饼270g,,巧益,休闲零食,饼干点心,休闲食品,饼干类,苏打饼干,,14,4,上线,不限购,非标品,270
15761343790742154,,6971964410218,4号农场地瓜干100g,,其他,休闲零食,干果炒货,其他,其他,其他,,9.9,5,上线,不限购,非标品,100
15761343790742316,,6934990600206,沂蒙人家五谷杂粮3.0kg（300g*10袋）,,其他,粮油副食,米面,粮油米面,杂粮粗粮,杂粮组合,,70,0,上线,不限购,非标品,3000
15761343750741087,,6914782082434,徐福记沙琪玛鸡蛋香酥160g,,徐福记,休闲零食,饼干点心,休闲食品,糕点类,沙琪玛,,14,8,上线,不限购,标品,160
15761343790742678,,6923450662113,箭牌5弹立方口香糖净爽冰柠味18粒40g,,5,休闲零食,糖果类,休闲食品,糖果类,口香糖,,11.9,5,上线,不限购,标品,40
15761343800742706,,6901668005731,奥利奥草莓味夹心饼干116g,,奥利奥,休闲零食,饼干点心,休闲食品,饼干类,夹心饼干,,7.2,7,上线,不限购,标品,116
15761343790742325,,6903252084016,康师傅干拌面红烧牛肉(碗装)125g,,康师傅,方便食品,方便面/粉丝,便利食品,方便速食,方便面,,5.5,7,上线,不限购,标品,125
15761343780741986,,6911316224445,曼妥思夹心无糖口香糖冬青薄荷味56g,,曼妥思,休闲零食,糖果类,休闲食品,糖果类,口香糖,,12,6,上线,不限购,标品,56
15761343810743314,,6935490261850,清嘴双果含片荔枝+雪梨6.9g,,清嘴,休闲零食,糖果类,休闲食品,糖果类,硬糖,,7.8,6,上线,不限购,标品,7
15761343800742982,,6911316222007,曼妥思冻感粒方无糖口香糖薄荷味46g,,曼妥思,休闲零食,糖果类,休闲食品,糖果类,口香糖,,12.9,5,上线,不限购,标品,46
15761343810743253,,6909995103670,旺旺小小酥原味60g,,旺旺,休闲零食,膨化食品,休闲食品,膨化食品,米饼/雪饼,,4.5,11,上线,不限购,标品,60
15761343810743364,,6935820204786,稻香村杏仁瓦片160g,,稻香村,休闲零食,饼干点心,休闲食品,糕点类,酥饼/馅饼,,19,0,上线,不限购,标品,160
15761343800742992,,6935820201204,稻香村香葱鸡蛋卷150g,,稻香村,休闲零食,饼干点心,休闲食品,糕点类,蛋卷类,,16,4,上线,不限购,标品,150
15761343810743382,,6926892567084,银鹭薏仁红豆粥280g,,银鹭,方便食品,方便粥饭汤,便利食品,方便速食,速食粥,,5,10,上线,不限购,标品,280
15761343800742987,,6934221113031,开卫野山楂1kg,,开卫,酒水饮料,综合饮料,饮料,果汁饮料,单种果汁饮料,,11,11,上线,不限购,标品,1000
15761343800742764,,6937885018926,润荷婴儿护肤柔湿巾启封装20片,,其他,纸类用品,湿纸巾,母婴,婴儿护理清洁,婴儿纸巾/婴儿湿巾,,4.8,12,上线,不限购,非标品,200
15761343810743223,,6924693000571,元之源牛板筋烧烤味75g,,其他,休闲零食,即食食品,休闲食品,肉干肉脯,牛肉类,,15,4,上线,不限购,非标品,75
15761343800743019,,6917878009254,雀巢花生夹心威化20g,,雀巢,休闲零食,饼干点心,休闲食品,饼干类,威化饼干,,1.8,26,上线,不限购,标品,20
15761343800742977,,6911316224049,曼妥思夹心无糖口香糖清新薄荷味56g,,曼妥思,休闲零食,糖果类,休闲食品,糖果类,口香糖,,12,5,上线,不限购,标品,56
15761343810743404,,6901294179608,六神喷雾驱蚊花露水180ml,,六神,清洁洗护,清洁护理,日化用品,杀虫驱蚊,花露水/驱虫液,,23,0,上线,不限购,标品,180
15761343810743440,,6922456896362,康师傅冰红茶1L,,康师傅,酒水饮料,综合饮料,饮料,茶饮料,红茶饮料,,5.5,6,上线,不限购,标品,1000
15761343810743188,,6952882381392,天鹭杯装西红柿蛋汤8g,,天鹭,方便食品,方便粥饭汤,蔬菜,茄果类,番茄,,5.8,10,上线,不限购,非标品,8
15761343810743427,,6920208924288,康师傅大食桶酸菜牛肉面164g,,康师傅,方便食品,方便面/粉丝,便利食品,方便速食,方便面,,5.5,9,上线,不限购,标品,164
15761343800743040,,6928607380520,川婆婆豆豉微辣200g,,川婆婆,粮油副食,腌渍酱品,调味品,调味酱,豆豉酱,,13.8,4,上线,不限购,非标品,200
15761343760741194,,6941241592272,天下第一村果仁味黄金酥果仁味150g,,天下第一村,休闲零食,饼干点心,休闲食品,糕点类,酥饼/馅饼,,12,12,上线,不限购,非标品,150
15761343790742397,,6917790994010,安琪百钻单晶冰糖300g,,安琪,粮油副食,调味料,调味品,调味料,冰糖,,9,9,上线,不限购,非标品,300
15761343780742017,,6917878048260,雀巢优麦黑米黑芝麻燕麦片10*35g,,雀巢,酒水饮料,冲调饮品,冲调,冲饮品,冲饮谷物/麦片,,32,0,上线,不限购,标品,350
15761343790742438,,6935820204793,稻香村芝麻瓦片160g,,稻香村,休闲零食,饼干点心,休闲食品,糕点类,酥饼/馅饼,,18,0,上线,不限购,标品,160
15761343730740357,,6954018147490,原字弹Y7088－S3经典男袜3双,,其他,日用百货,,服饰鞋包,男女内衣/家居服,袜子,,21,13,上线,不限购,非标品,50
15761343800742696,,6922742020808,沙土焦糖瓜子258g,,沙土,休闲零食,干果炒货,休闲食品,坚果炒货,瓜子/瓜子仁,,10.8,0,上线,不限购,标品,258
15761343790742407,,6923450657638,益达木糖醇无糖口香糖清爽西瓜味56g,,益达,休闲零食,糖果类,休闲食品,糖果类,口香糖,,12,4,上线,不限购,标品,56
15761343800742718,,6901668005755,奥利奥巧克力味夹心饼干116g,,奥利奥,休闲零食,饼干点心,休闲食品,饼干类,夹心饼干,,7.2,8,上线,不限购,标品,116
15761343790742667,,6903252026061,康师傅香辣牛肉拌面135g,,康师傅,方便食品,方便面/粉丝,便利食品,方便速食,方便面,,5,4,上线,不限购,标品,135
15761343790742458,,6920731704302,康师傅妙芙欧式蛋糕香芋牛奶味96g,,康师傅,休闲零食,饼干点心,休闲食品,糕点类,蛋糕,,8,9,上线,不限购,标品,96
15761343790742346,,6925843403204,味达美味极鲜酱油1L,,欣和,粮油副食,调味料,调味品,调味汁,老抽,,19.8,3,上线,不限购,标品,1000
15761343790742162,,6921317905168,康师傅绿茶500ml,,康师傅,酒水饮料,综合饮料,饮料,茶饮料,绿茶饮料,,3.5,20,上线,不限购,标品,500
15761343790742552,,6939894812502,可口可乐汽水1.25L,,可口可乐,酒水饮料,综合饮料,饮料,碳酸饮料,可乐,,6,11,上线,不限购,标品,1250
15761343790742561,,6911988000170,达利园好吃点谷野高纤蔬菜168g,,龙须,休闲零食,饼干点心,休闲食品,饼干类,营养/消化饼干,,6.5,10,上线,不限购,标品,168
15761343780741992,,6911316223004,曼妥思冻感立方无糖口香糖热列果味46g,,曼妥思,休闲零食,糖果类,休闲食品,糖果类,口香糖,,12.9,5,上线,不限购,标品,46
15761343790742158,,6920907800210,好丽友蛋黄派138g,,好丽友,休闲零食,饼干点心,休闲食品,糕点类,派,,12,5,上线,不限购,标品,138
15761343790742449,,6903244370950,七度空间纯棉表层卫生巾(日用)10片,,七度空间,纸类用品,卫生用品,个护清洁,卫生护理,卫生巾,,11,4,上线,不限购,标品,300
15761343790742627,,6901009111053,梅林红烧猪肉340g,,梅林,方便食品,泡面伴侣,便利食品,罐头,肉类罐头,,23,0,上线,不限购,标品,340
15761343790742580,,6901294177024,六神花露水95ml,,六神,清洁洗护,清洁护理,日化用品,杀虫驱蚊,花露水/驱虫液,,9,6,上线,不限购,标品,95
15761343800742752,,6941241592289,天下第一村腰果味黄金酥腰果味150g,,天下第一村,休闲零食,饼干点心,休闲食品,坚果炒货,腰果类,,12,8,上线,不限购,非标品,150
15761343760741223,,6923450605738,绿箭无糖薄荷糖黑加仑子味23.8g,,绿箭,休闲零食,糖果类,休闲食品,糖果类,口香糖,,9.9,6,上线,不限购,标品,24
15761343730740223,,6903608005238,即墨老酒梅兰竹菊600ml*2,,其他,酒水饮料,酒类,其他,其他,其他,,237,0,上线,不限购,非标品,1200
15761343780741817,,6901586103557,威猛先生厨房重油污静500g,,威猛先生,清洁洗护,清洁护理,日化用品,厨房清洁,油污清洁剂,,40,0,上线,不限购,标品,500
15761343750740964,,6923450656150,益达木糖醇无糖口香糖清爽草莓味56g,,益达,休闲零食,糖果类,休闲食品,糖果类,口香糖,,12,6,上线,不限购,标品,56
15761343720739991,,4051500872518,德雷丝比尔森啤酒500ml,,其他,酒水饮料,酒类,酒,啤酒,黄啤,,14.4,32,上线,不限购,非标品,500
15761343750740792,,6902022137297,蓝月亮薰衣草亮白增艳洗衣液3kg,,蓝月亮,清洁洗护,清洁护理,日化用品,衣物清洁/护理,洗衣液,,62,0,上线,不限购,标品,3000
15761343780741792,,6921317989366,康师傅冰糖雪梨500ml,,其他,酒水饮料,综合饮料,饮料,果汁饮料,单种果汁饮料,,3.5,24,上线,不限购,非标品,500
15761343730740254,,6922307205527,崂山苏打水玻璃瓶330ml,,崂山,酒水饮料,矿泉水,饮料,碳酸饮料,苏打水/气泡水,,5,42,上线,不限购,标品,330
15761343750740804,,6920907805086,好丽友木糖醇无糖口香糖热带水果味101g,,好丽友,休闲零食,糖果类,休闲食品,糖果类,口香糖,,18,6,上线,不限购,标品,101
15761343750740881,,6917878054766,雀巢咖啡丝滑榛果风味咖啡饮料268ml,,雀巢,酒水饮料,综合饮料,饮料,咖啡饮料,咖啡/可可饮料,,6.5,18,上线,不限购,标品,268
15761343780741704,,6917878054780,雀巢咖啡丝滑焦糖风味咖啡饮料268ml,,雀巢,酒水饮料,综合饮料,饮料,咖啡饮料,咖啡/可可饮料,,6.5,14,上线,不限购,标品,268
15761343680737047,,6944500272038,玲珑王小叶茶红茶6号120g,,其他,酒水饮料,冲调饮品,其他,其他,其他,,432,0,上线,不限购,非标品,120
15761343780741696,,6956416205956,美汁源果粒橙420ml,,美汁源,酒水饮料,综合饮料,饮料,果汁饮料,单种果汁饮料,,4,22,上线,不限购,标品,420
15761343780741798,,69025143,益达木糖醇无糖口香糖香浓蜜瓜味56g,,益达,休闲零食,糖果类,休闲食品,糖果类,口香糖,,12,3,上线,不限购,标品,56
15761343730740265,,6924531611587,长城\FD-1重负荷发动机冷却液9kg10L塑,,其他,日用百货,,汽车用品,其他类汽车用品,其他汽车用品,,108,0,上线,不限购,非标品,9000
15761343780741851,,6941241592265,天下第一村黑芝麻味黄金酥黑芝麻150g,,天下第一村,休闲零食,饼干点心,粮油米面,杂粮粗粮,芝麻,,12,10,上线,不限购,非标品,150
15761343750740794,,6903252074529,康师傅西红柿打卤面(袋装)112g,,康师傅,方便食品,方便面/粉丝,便利食品,方便速食,方便面,,3,34,上线,不限购,标品,112
15761343750740958,,6902083881559,娃哈哈木糖醇营养八宝粥360g,,娃哈哈,方便食品,方便粥饭汤,便利食品,方便速食,速食粥,,4.5,22,上线,不限购,标品,360
15761343680736798,,6944500272151,玲珑王小叶茶绿茶6号120g,,其他,酒水饮料,冲调饮品,饮料,茶饮料,绿茶饮料,,432,0,上线,不限购,非标品,120
15761343760741173,,6922307205091,崂山可乐汽水500ml,,崂山,酒水饮料,综合饮料,饮料,碳酸饮料,可乐,,3,25,上线,不限购,标品,500
15761343750740866,,6925303714840,统一汤达人日式豚骨拉面(碗装)125g,,统一,方便食品,方便面/粉丝,便利食品,方便速食,方便面,,8.5,8,上线,不限购,标品,125
15761343750741093,,6901009101832,梅林美味午餐肉罐头340g,,梅林,方便食品,泡面伴侣,便利食品,罐头,肉类罐头,,22,0,上线,不限购,标品,340
15761343750741064,,6944500272281,玲珑王扶农茶・玲珑红茶160g,,其他,酒水饮料,冲调饮品,其他,其他,其他,,105,0,上线,不限购,非标品,160
15761343740740735,,6907992100272,伊利纯牛奶250ml,,伊利,乳品饮料,,乳制品,常温奶,常温全脂牛奶,,3.6,40,上线,不限购,标品,250
15761343750741104,,6970711660043,水杉未加碘食用盐350g,,水杉,粮油副食,调味料,调味品,调味料,食用盐,,2,57,上线,不限购,非标品,350
15761343780741780,,6955748500074,易捷卓玛泉西藏天然冰川水4L,,易捷,酒水饮料,矿泉水,饮料,饮用水,矿泉水,,14,67,上线,不限购,标品,4000
15761343750740994,,6917878048246,雀巢优麦紫薯香芋燕麦片10*35g,,雀巢,酒水饮料,冲调饮品,冲调,冲饮品,冲饮谷物/麦片,,32,3,上线,不限购,标品,350
15761343750741046,,6920907805161,好丽友木糖醇无糖口香糖缤纷水果味101g,,好丽友,休闲零食,糖果类,休闲食品,糖果类,口香糖,,18,5,上线,不限购,标品,101
15761343740740789,,3142920001822,名庄荟教皇圣醇珍酿干红葡萄酒750ml,,其他,酒水饮料,酒类,酒,葡萄酒,红葡萄酒,,285,0,上线,不限购,非标品,750
15761343750740859,,6935538720967,天齐金钱菇100g,,天齐,南北干货,菌菇类,粮油米面,南北干货,干香菇,,31,4,上线,不限购,非标品,100
15761343780741857,,6941241592258,天下第一村板栗味黄金酥板栗味150g,,天下第一村,休闲零食,饼干点心,休闲食品,坚果炒货,栗子,,12,10,上线,不限购,非标品,150
15761343750741077,,6901035618601,青岛啤酒易捷9°600ml,,其他,酒水饮料,酒类,酒,啤酒,黄啤,,6,2416,上线,不限购,非标品,600
15761343730740289,,6901382054251,金六福六福人家38°500ml,,其他,酒水饮料,酒类,水果,水果切盘,四种及以上混合果切,,141,0,上线,不限购,非标品,500
15761343740740790,,6970153970021,造险理箱45L,,其他,日用百货,,居家日用,家庭收纳用品,收纳箱,,95,0,上线,不限购,非标品,500
15761343740740723,,6925911501566,威露士衣物家居消毒液2.5L,,威露士,清洁洗护,清洁护理,日化用品,衣物清洁/护理,衣物除菌剂,,90,0,上线,不限购,标品,2500
15761343700738289,,7804320279008,名庄荟梦坡家园赤霞珠干红葡萄酒750ml,,远山,酒水饮料,酒类,酒,葡萄酒,红葡萄酒,,225,0,上线,不限购,标品,750
15761343780741942,,6914782203310,徐福记香橙酥182g,,徐福记,休闲零食,饼干点心,休闲食品,糕点类,酥饼/馅饼,,13,6,上线,不限购,标品,182
15761343740740526,,6953424002119,贵茶红宝石红茶礼盒3g*36袋*2盒,,其他,酒水饮料,冲调饮品,茶,袋泡茶,袋泡红茶,,260,0,上线,不限购,非标品,200
15761343780741770,,6940383100475,悦泰海龙柴油车尾气处理液(车用尿素液)20Kg,,其他,日用百货,,其他,其他,其他,,108,0,上线,不限购,非标品,20000
15761343750741137,,6911316223202,曼妥思动感粒方葡萄味46g,,曼妥思,休闲零食,糖果类,休闲食品,糖果类,口香糖,,12.9,7,上线,不限购,标品,46
15761343760741185,,6917878039510,雀巢咖啡卡布奇诺即溶咖啡饮品19g,,雀巢,酒水饮料,冲调饮品,冲调,咖啡,速溶咖啡,,4,12,上线,不限购,标品,19
15761343780741803,,6923450656181,益达木糖醇无糖口香糖冰凉薄荷味56g,,益达,休闲零食,糖果类,休闲食品,糖果类,口香糖,,12,6,上线,不限购,标品,56
15761343760741228,,6901070601101,云南白药牙膏+金口健牙刷便携装45g,,云南白药,清洁洗护,牙膏牙刷,个护清洁,口腔护理,牙膏,,23,4,上线,不限购,标品,45
15761343760741166,,6923450656860,益达无糖口香糖香橙味56g,,益达,休闲零食,糖果类,休闲食品,糖果类,口香糖,,12,4,上线,不限购,标品,56
15761343780741835,,6903148054215,佳洁士3D炫白双效牙膏120g,,佳洁士,清洁洗护,牙膏牙刷,个护清洁,口腔护理,牙膏,,14,6,上线,不限购,标品,120
15761343780741823,,6924693000557,元之源风味羊杂原味180g,,其他,休闲零食,即食食品,其他,其他,其他,,14,0,上线,不限购,非标品,180
15761343780741809,,6971964410225,4号农场地瓜条100g,,其他,休闲零食,蜂蜜蜜饯,休闲食品,蜜饯果干类,其他蜜饯果干,,9.9,6,上线,不限购,非标品,100
15761343780741868,,6930763971214,旺仔牛奶145ml,,旺旺,乳品饮料,,饮料,乳品饮料,其他乳品饮料,,3,20,上线,不限购,标品,145
15761343780741863,,6910019010379,雕牌超能椰果洗衣皂226g*2,,纳爱斯,清洁洗护,清洁护理,日化用品,衣物清洁/护理,洗衣皂,,10.5,7,上线,不限购,标品,452
15761343780741877,,6932522001088,公社联盟小麻花108g,,公社联盟,休闲零食,膨化食品,休闲食品,糕点类,麻花,,12,7,上线,不限购,非标品,108
15761343750741110,,6942265890344,好家园厨房纸2卷/包,,其他,纸类用品,面巾/餐巾纸,居家日用,纸品湿巾,厨房纸,,11.8,10,上线,不限购,非标品,300
15761343780741846,,6917790994034,安琪百钻纯正红糖300g,,安琪,粮油副食,调味料,其他,其他,其他,,9,6,上线,不限购,非标品,300
15761343780741735,,6935538720202,天齐银耳80g,,天齐,南北干货,菌菇类,粮油米面,南北干货,干银耳,,22,4,上线,不限购,非标品,80
15761343740740615,,6903148044964,海飞丝洗发露(丝质柔滑去屑型)400ml,,海飞丝,清洁洗护,洗发沐浴,个护清洁,洗发护发,洗发水/洗发露/洗发膏,,59,3,上线,不限购,标品,400
15761343730740324,,6925843403297,欣和六月鲜特级酱油500ml,,欣和,粮油副食,调味料,调味品,调味汁,生抽,,14,12,上线,不限购,标品,500
15761343750741034,,6935538720165,天齐黑木耳160g,,天齐,南北干货,菌菇类,粮油米面,南北干货,干黑木耳,,54,0,上线,不限购,非标品,160
15761343720739731,,6955150400672,圣牧全程有机纯牛奶200ml*12,,圣牧,乳品饮料,,乳制品,常温奶,常温全脂牛奶,,62,3,上线,不限购,标品,2400
15761343750740910,,6902083880781,娃哈哈营养八宝粥桂圆莲子360g,,娃哈哈,方便食品,方便粥饭汤,便利食品,方便速食,速食粥,,4.5,23,上线,不限购,标品,360
15761343750740950,,6926892566087,银鹭黑米粥280g,,银鹭,方便食品,方便粥饭汤,便利食品,方便速食,速食粥,,5,21,上线,不限购,标品,280
15761343750741082,,6926892521086,银鹭桂圆莲子八宝粥360g,,银鹭,方便食品,方便粥饭汤,便利食品,方便速食,速食粥,,4.5,22,上线,不限购,标品,360
15761343750740796,,6902265540014,海天番茄沙司510g,,海天,粮油副食,调味料,调味品,调味酱,番茄酱/沙司,,10.8,8,上线,不限购,标品,510
15761343750740916,,6923450605318,绿箭无糖薄荷糖茉莉花茶味23.8g,,绿箭,休闲零食,糖果类,休闲食品,糖果类,口香糖,,9.9,8,上线,不限购,标品,24
15761343750740872,,6920907803129,好丽友Q蒂蛋糕榛子巧克力味168g,,好丽友,休闲零食,饼干点心,休闲食品,糕点类,派,,12.5,8,上线,不限购,标品,168
15761343750740891,,6921168532001,农夫果园混合果汁橙汁+胡萝卜+苹果500ml,,农夫山泉,酒水饮料,综合饮料,饮料,果汁饮料,混合果汁饮料,,5,20,上线,不限购,标品,500
15761343750740896,,6970153970014,造险理箱35L,,其他,日用百货,,居家日用,家庭收纳用品,收纳箱,,78,0,上线,不限购,非标品,500
15761343750740798,,6939894850054,可口可乐汽水零度500ml,,可口可乐,酒水饮料,综合饮料,饮料,碳酸饮料,可乐,,3.5,40,上线,不限购,标品,500
15761343750741051,,6920907803020,好丽友Q蒂巧克力蛋糕168g*16,,好丽友,休闲零食,饼干点心,休闲食品,糕点类,蛋糕,,12.5,6,上线,不限购,标品,168
15761343750740921,,6912999330003,可口可乐汽水(听装)330ml,,可口可乐,酒水饮料,综合饮料,饮料,碳酸饮料,可乐,,3,29,上线,不限购,标品,330
15761343750740793,,6925303710910,统一汤达人酸酸辣辣豚骨面130g*5,,统一,方便食品,方便面/粉丝,便利食品,方便速食,方便面,,26.9,5,上线,不限购,标品,650
15761343750740791,,6944500272250,玲珑王扶农茶・玲珑绿茶160g,,其他,酒水饮料,冲调饮品,饮料,茶饮料,绿茶饮料,,69,0,上线,不限购,非标品,160
15761343740740566,,6951163601297,一枝笔芒果汁310ml,,一枝笔,酒水饮料,综合饮料,其他,其他,其他,,4.8,42,上线,不限购,非标品,310
15761343740740663,,6920908402024,雪碧汽水清爽柠檬味500ml,,可口可乐,酒水饮料,综合饮料,饮料,碳酸饮料,加味汽水,,3.5,47,上线,不限购,标品,500
15761343740740622,,6923644266318,蒙牛特仑苏纯牛奶250ml*12,,蒙牛,乳品饮料,,乳制品,常温奶,常温全脂牛奶,,77,0,上线,不限购,标品,3000
15761343740740675,,6908512208720,雪碧汽水清爽柠檬味(听装)330ml,,雪碧,酒水饮料,综合饮料,饮料,碳酸饮料,加味汽水,,3,58,上线,不限购,标品,330
15761343730740248,,6902022137273,蓝月亮自然香亮白增艳洗衣液2kg,,蓝月亮,清洁洗护,清洁护理,日化用品,衣物清洁/护理,洗衣液,,48,5,上线,不限购,标品,2000
15761343740740654,,4897022620318,京都念慈C乌梅糖60g,,念慈C,休闲零食,即食食品,休闲食品,糖果类,硬糖,,25,5,上线,不限购,标品,60
15761343740740629,,6938309700526,名仁苏打水360ml,,名仁,酒水饮料,综合饮料,饮料,饮用水,纯净水/饮用水,,3,53,上线,不限购,标品,360
15761343740740730,,6925303755461,统一小茗同学冷泡溜溜哒茶480ml,,统一,酒水饮料,综合饮料,饮料,茶饮料,红茶饮料,,5.5,22,上线,不限购,标品,480
15761343730740360,,6924693000403,元之源风干牛肉麻辣228g,,其他,休闲零食,即食食品,休闲食品,肉干肉脯,牛肉类,,69.90000000000001,3,上线,不限购,非标品,228
15761343740740635,,6922307205718,崂山珍品1905矿泉水5L,,崂山,酒水饮料,矿泉水,饮料,饮用水,矿泉水,,28,6,上线,不限购,标品,5000
15761343730740272,,6922255451427,百岁山矿泉水570ml,,百岁山,酒水饮料,矿泉水,饮料,饮用水,矿泉水,,3,37,上线,不限购,标品,570
15761343730740282,,6921355600216,和一坊黄菊罐装15g,,其他,酒水饮料,冲调饮品,茶,花茶,菊花茶,,35,10,上线,不限购,非标品,15
15761343740740647,,6948505400236,欣和六月鲜特级原汁酱油500ml,,欣和,粮油副食,调味料,调味品,调味汁,生抽,,18.5,8,上线,不限购,标品,500
15761343740740717,,6917751430052,妙洁点断式增厚保鲜袋中号1*1,,妙洁,日用百货,,居家日用,一次性用品,保鲜袋,,16.8,9,上线,不限购,标品,100
15761343740740668,,6970153970038,造险理箱55L,,其他,日用百货,,居家日用,家庭收纳用品,收纳箱,,114,0,上线,不限购,非标品,500
15761343740740642,,6920584471017,旺旺旺仔牛奶245ml,,旺旺,乳品饮料,,乳制品,常温奶,常温全脂牛奶,,6.5,22,上线,不限购,标品,245
15761343730740277,,6924693000304,元之源风干牛肉原味118g,,其他,休闲零食,即食食品,休闲食品,肉干肉脯,牛肉类,,46,5,上线,不限购,非标品,118
15761343730740323,,6920934802089,吕梁野山坡野味部落沙棘380ml,,吕梁,酒水饮料,综合饮料,其他,其他,其他,,14,21,上线,不限购,非标品,380
15761343740740588,,6934990601005,沂蒙人家黄金小米2.4kg（300g*8袋）,,其他,粮油副食,米面,粮油米面,杂粮粗粮,小米,,94,0,上线,不限购,非标品,2400
15761343740740581,,6913936091087,景芝蓝标45°500ml,,景芝,酒水饮料,酒类,酒,白酒,高度白酒,,18,10,上线,不限购,标品,500
15761343730740299,,6951239709469,国杞天香铁罐枸杞(特优级)120g,,国杞天香,南北干货,枸杞阿胶,粮油米面,南北干货,枸杞,,48,3,上线,不限购,非标品,120
15761343730740242,,6921355600575,和一坊简装优品16朵,,其他,酒水饮料,冲调饮品,茶,花茶,菊花茶,,89,4,上线,不限购,非标品,50
15761343740740558,,6934046866853,柳絮红薯直粉条500gx6,,柳絮,粮油副食,米面,其他,其他,其他,,90,0,上线,不限购,非标品,3000
15761343700738249,,6959479300422,沃隆每日坚果A175g,,沃隆,休闲零食,干果炒货,休闲食品,坚果炒货,混合坚果/坚果礼包,,42,9,上线,不限购,标品,175
15761343700738148,,6971503880021,悦泰海龙室内除菌剂260ml,,其他,日用百货,,日化用品,室内除湿去味,空气消毒剂/甲醛清除剂,,102,7,上线,不限购,非标品,260
15761343690737849,,6951163601679,一枝笔山楂果肉饮料245ml,,其他,酒水饮料,综合饮料,其他,其他,其他,,4,151,上线,不限购,非标品,245
15761343700738242,,6920934800092,野山坡沙棘汁350ml,,吕梁,酒水饮料,综合饮料,饮料,果汁饮料,单种果汁饮料,,7,22,上线,不限购,标品,350
15761343700738159,,6908471004340,养元六个核桃核桃乳240ml,,六个核桃,乳品饮料,,休闲食品,坚果炒货,核桃,,4.5,100,上线,不限购,标品,240
15761343670736281,,6924882345773,舒蕾薰衣草舒缓香氛沐浴露1L,,舒蕾,清洁洗护,洗发沐浴,个护清洁,沐浴,沐浴露,,39,29,上线,不限购,标品,1000
15761343660735885,,3328150027041,名庄荟柏图世家臻选干红葡萄酒750ml,,其他,酒水饮料,酒类,酒,葡萄酒,红葡萄酒,,405,6,上线,不限购,非标品,750
15761343720739720,,6924531601755,长城\FD-1重负荷发动机冷却液4kg4L塑,,其他,日用百货,,汽车用品,其他类汽车用品,其他汽车用品,,48,0,上线,不限购,非标品,4000
15761343700738179,,6913936051432,景阳春六年坛礼盒35°1500ml,,景阳春,酒水饮料,酒类,其他,其他,其他,,75,5,上线,不限购,非标品,1500
15761343720739474,,6901035609654,青岛奥古特罐装12°500ml,,青岛啤酒,酒水饮料,酒类,酒,啤酒,黄啤,,9.9,24,下线,不限购,标品,500
15761343720739997,,6903148045190,海飞丝去屑洗发露柔润滋养型400ml,,海飞丝,清洁洗护,洗发沐浴,个护清洁,洗发护发,洗发水/洗发露/洗发膏,,59,5,上线,不限购,标品,400
15761343720739443,,6922307202014,崂山饮用天然矿泉水550ml,,崂山,酒水饮料,矿泉水,饮料,饮用水,矿泉水,,2.5,77,上线,不限购,非标品,550
15761343700738116,,6944500272021,玲珑王小叶茶红茶5号120g,,其他,酒水饮料,冲调饮品,其他,其他,其他,,276,0,上线,不限购,非标品,120
15761343670736255,,6920774471308,南山庄园天尊干红葡萄酒750ml,,南山庄园,酒水饮料,酒类,酒,葡萄酒,红葡萄酒,,78,14,上线,不限购,非标品,750
15761343700738137,,9310692111115,澳诺雅大地之选洗碗液-柠檬清新1L,,其他,清洁洗护,清洁护理,其他,其他,其他,,65,33,上线,不限购,非标品,1000
15761343640734965,,6947210802588,黑土稻花香真空装绿色五常大米5kg,,其他,粮油副食,米面,粮油米面,大米,粳米,,89,31,上线,不限购,非标品,5000
15761343730740234,,6937507966826,鲁誉小磨香油200ml,,其他,粮油副食,食用油,调味品,调味汁,芝麻油,,15.6,13,上线,不限购,非标品,200
15761343690737599,,6920774468933,南山庄园庄园葡萄酒750ml,,其他,酒水饮料,酒类,酒,葡萄酒,红葡萄酒,,78,16,上线,不限购,非标品,750
15761343700738224,,6951239709452,国杞天香铁罐枸杞(特优级)240g,,国杞天香,南北干货,枸杞阿胶,粮油米面,南北干货,枸杞,,72,0,上线,不限购,非标品,240
15761343720739468,,6922554705016,康师傅冰红茶500ml,,康师傅,酒水饮料,综合饮料,饮料,茶饮料,红茶饮料,,3.5,96,上线,不限购,标品,500
15761343710739143,,4897036692189,Monster（魔爪）芒果狂欢能量风味饮料330ml,,其他,酒水饮料,综合饮料,其他,其他,其他,,6.8,56,上线,不限购,非标品,330
15761343660735640,,3263070035687,名庄荟西勒骐麟紫标干红750ml,,其他,酒水饮料,酒类,酒,葡萄酒,红葡萄酒,,430,6,上线,不限购,非标品,750
15761343650734996,,6924188286640,扳倒井新和古窖38°500ml,,其他,酒水饮料,酒类,其他,其他,其他,,69,37,上线,不限购,非标品,500
15761343720739655,,6902952890859,茅台迎宾酒（凤祥）500ml,,其他,酒水饮料,酒类,水果,西瓜类,特小凤西瓜,,166,3,上线,不限购,标品,500
15761343720739706,,6913936041891,景阳春白酒39°500ml,,鼎福,酒水饮料,酒类,酒,白酒,高度白酒,,66,4,上线,不限购,标品,500
15761343640734960,,6924188286664,扳倒井盛世新和42°500ml,,其他,酒水饮料,酒类,其他,其他,其他,,92,42,上线,不限购,非标品,500
15761343690737618,,6959479300316,沃隆每日坚果（A)袋装25g,,沃隆,休闲零食,干果炒货,休闲食品,坚果炒货,混合坚果/坚果礼包,,5.5,60,上线,不限购,标品,25
15761343680737349,,6901221949991,孔府家得意故交52°475ml,,其他,酒水饮料,酒类,其他,其他,其他,,129,8,上线,不限购,非标品,475
15761343660735909,,6901008277835,华东庄园特选级干白750ml,,其他,酒水饮料,酒类,酒,葡萄酒,白葡萄酒,,105,12,上线,不限购,非标品,750
15761343710739418,,6922808867323,崂陈茶语清心250g,,其他,酒水饮料,冲调饮品,其他,其他,其他,,94,4,上线,不限购,非标品,250
15761343720739620,,9369999803520,维高V555干红葡萄酒750ml,,其他,酒水饮料,酒类,酒,葡萄酒,红葡萄酒,,237,0,上线,不限购,非标品,750
15761343670736244,,6903568107294,琅琊台中华贡酒52°500ml,,琅琊台,酒水饮料,酒类,酒,白酒,高度白酒,,225,4,上线,不限购,标品,500
15761343700738234,,9310692111214,澳诺雅洗碗液（芦荟精华）1L,,其他,清洁洗护,清洁护理,居家日用,餐具水具,碗,,65,30,上线,不限购,非标品,1000
15761343710739346,,6952786600094,鼎升绿色立式0.5mm普通板油箱10L,,其他,日用百货,,其他,其他,其他,,81,5,上线,不限购,非标品,10000
15761343680737379,,6922808866975,崂陈正山小种200g,,其他,酒水饮料,冲调饮品,茶,红茶,正山小种,,498,0,上线,不限购,非标品,200
15761343720740004,,6910019013202,100年润发柔亮去屑套盒1*1,,100年润发,清洁洗护,洗发沐浴,个护清洁,洗发护发,洗发水/洗发露/洗发膏,,45,7,上线,不限购,标品,500
15761343650735010,,6970440826666,战马能量型维生素饮料310ml,,战马,酒水饮料,综合饮料,饮料,运动机能饮料,机能保健饮料,,6.5,278,上线,不限购,标品,310
15761343650735065,,6901008277842,华东庄园特选级蛇龙珠干红750ml,,其他,酒水饮料,酒类,酒,葡萄酒,红葡萄酒,,165,10,上线,不限购,非标品,750
15761343690737591,,6943015106036,林恩晚宴红茶88g,,其他,酒水饮料,冲调饮品,其他,其他,其他,,210,4,上线,不限购,非标品,88
15761343670736609,,6922808866180,崂陈敬上好茶250g,,其他,酒水饮料,冲调饮品,其他,其他,其他,,837,0,上线,不限购,非标品,250
15761343660736095,,6922808866913,崂陈2015年老白茶350g,,其他,酒水饮料,冲调饮品,其他,其他,其他,,477,4,上线,不限购,非标品,350
15761343710739395,,6925843403891,味达美味极鲜酱油1.8L,,欣和,粮油副食,调味料,调味品,调味汁,老抽,,32,7,上线,不限购,标品,1800
15761343710739405,,6955150400078,圣牧有机纯牛奶(家庭环保装)250ml*12,,圣牧,乳品饮料,,乳制品,常温奶,常温全脂牛奶,,75,0,上线,不限购,标品,3000
15761343700738170,,6944312683992,鸥露本色厨房纸巾90抽2层,,其他,纸类用品,面巾/餐巾纸,居家日用,纸品湿巾,厨房纸,,10.8,68,下线,不限购,非标品,300
15761343720739461,,6940383100598,悦泰海龙柴油车尾气处理液(车用尿素液)10Kg,,其他,日用百货,,其他,其他,其他,,60,8,上线,不限购,非标品,10000
15761343700738218,,6901035611947,青岛奥古特听装礼盒500ml*6,,青岛啤酒,酒水饮料,酒类,酒,啤酒,黄啤,,94,5,上线,不限购,非标品,3000
15761343720739744,,6922808866081,崂陈获奖绿茶200g,,其他,酒水饮料,冲调饮品,饮料,茶饮料,绿茶饮料,,153,0,上线,不限购,非标品,200
15761343720739644,,6921355600209,和一坊玫瑰花冠.伴手礼15包,,其他,酒水饮料,冲调饮品,其他,其他,其他,,110,4,上线,不限购,非标品,50
15761343710739360,,6901035611961,青岛啤酒逸品纯生礼盒450ml*6,,青岛啤酒,酒水饮料,酒类,酒,啤酒,黄啤,,96,4,上线,不限购,非标品,2700
15761343720739754,,6922808866296,崂陈获奖红茶200g,,其他,酒水饮料,冲调饮品,其他,其他,其他,,153,0,上线,不限购,非标品,200
15761343710739371,,6924461516174,勐库茶宜行普洱生茶(袋装)8g,,勐库,酒水饮料,冲调饮品,茶,普洱茶,普洱生茶,,6,66,上线,不限购,非标品,8
15761343720739450,,6924693000397,元之源风干牛肉原味228g,,其他,休闲零食,即食食品,休闲食品,肉干肉脯,牛肉类,,69.90000000000001,5,上线,不限购,非标品,228
15761343710739383,,6971302850713,香镜缘生态米5kg,,其他,粮油副食,米面,粮油米面,大米,粳米,,66,6,上线,不限购,非标品,5000
15761343720739633,,9310692134169,澳诺雅大地之选重油污清洁剂600ml,,其他,清洁洗护,清洁护理,日化用品,厨房清洁,油污清洁剂,,78,17,上线,不限购,非标品,600
15761343670736231,,9310297652372,富邑奔富寇兰山FV2002干红葡萄酒750ml,,其他,酒水饮料,酒类,酒,葡萄酒,红葡萄酒,,225,7,上线,不限购,非标品,750
15761343680737118,,6924882338058,舒蕾薰衣草舒缓香氛沐浴露650ml,,其他,清洁洗护,洗发沐浴,个护清洁,沐浴,沐浴露,,32,31,上线,不限购,标品,650
15761343670736629,,3295890191564,柏阁波尔多干红750ml,,其他,酒水饮料,酒类,酒,葡萄酒,红葡萄酒,,192,5,上线,不限购,非标品,750
15761343690737611,,6959479300323,沃隆每日坚果（B)袋装25g,,沃隆,休闲零食,干果炒货,休闲食品,坚果炒货,混合坚果/坚果礼包,,5.5,62,上线,不限购,标品,25
15761343690737604,,6901008277828,华东庄园特选级干红750ml,,其他,酒水饮料,酒类,酒,葡萄酒,红葡萄酒,,105,6,上线,不限购,非标品,750
15761343660735903,,6944312685231,鸥露本色竹柔巾软抽45抽,,其他,纸类用品,面巾/餐巾纸,居家日用,纸品湿巾,抽纸,,8.5,197,下线,不限购,非标品,300
15761343680737396,,6937942306904,赛派J500汽油机油SL/CF10W-40/SL/CF10W-404,,其他,日用百货,,汽车用品,汽车美容/保养,汽车机油,,213,4,上线,不限购,非标品,500
15761343680737403,,6955150400320,圣牧有机酸牛奶205g*12,,圣牧,乳品饮料,,乳制品,常温酸奶,常温原味酸奶,,82,0,上线,不限购,标品,2460
15761343680737363,,6937942306911,赛派SP\J600\SN/GF－5\5W/30汽机油\1L,,其他,日用百货,,其他,其他,其他,,90,8,上线,不限购,非标品,1000
15761343690737625,,6971503880014,悦泰海龙车内除菌剂150ml,,其他,日用百货,,汽车用品,汽车美容/保养,汽车清洗剂/养护剂,,78,10,上线,不限购,非标品,150
15761343680737059,,6939743661824,龙大花生油礼盒1.8L*2,,其他,粮油副食,食用油,粮油米面,食用油,花生油,,132,6,上线,不限购,非标品,3600
15761343690737860,,6944500272144,玲珑王小叶茶绿茶5号120g,,其他,酒水饮料,冲调饮品,茶,绿茶,其他绿茶,,240,0,上线,不限购,非标品,120
15761343680737355,,6913936068263,景阳春39°500ml,,景阳春,酒水饮料,酒类,其他,其他,其他,,69,10,上线,不限购,非标品,3000
15761343680737369,,6924531602974,长城福星\SJ15W-40汽机油3.5kg/4L-J塑3.5kg,,其他,日用百货,,汽车用品,汽车美容/保养,汽车机油,,102,7,上线,不限购,非标品,3500
15761343640734872,,8855790000141,卡拉宝维生素果味饮料250ml,,卡拉宝,酒水饮料,综合饮料,饮料,果汁饮料,单种果汁饮料,,6.9,569,上线,不限购,标品,250
15761343650735070,,6937942306614,赛派JUSTARJ600\SN5W－30汽机油4L,,其他,日用百货,,其他,其他,其他,,336,8,上线,不限购,非标品,4000
15761343640734961,,6939743666126,龙大压榨一级花生油5000ml,,龙大,粮油副食,食用油,粮油米面,食用油,花生油,,168,20,上线,不限购,标品,5000
15761343640734849,,6902952891481,赖茅传承53°500ml,,其他,酒水饮料,酒类,酒,白酒,高度白酒,,470,113,上线,不限购,非标品,500
15761343650735001,,4897036691175,Monster（魔爪）原味(黑魔爪)330ml,,魔爪,酒水饮料,综合饮料,饮料,运动机能饮料,运动饮料,,6.8,302,上线,不限购,标品,330
15761343640734842,,6902952883622,茅台王子酒500ml,,茅台,酒水饮料,酒类,酒,白酒,高度白酒,,270,61,上线,不限购,标品,500
15761343650735090,,6970777546022,贺兰阳光518干红葡萄酒750ml,,其他,酒水饮料,酒类,酒,葡萄酒,红葡萄酒,,158,11,上线,不限购,非标品,750
15761343660735760,,6970777546015,贺兰阳光417干红葡萄酒750ml,,其他,酒水饮料,酒类,酒,葡萄酒,红葡萄酒,,118,12,上线,不限购,非标品,750
15761343640734967,,6948195803997,胡姬花古法花生油5L,,胡姬花,粮油副食,食用油,粮油米面,食用油,花生油,规格:5L（压榨一级）  ,178,11,上线,不限购,标品,5000
15761343650735221,,6947210802526,黑土稻花香袋装东北生态大米10kg,,其他,粮油副食,米面,粮油米面,大米,粳米,,99,16,上线,不限购,非标品,10000
15761343640734962,,6951163620120,一枝笔保健莱阳梨汁245ml,,龙虎,酒水饮料,综合饮料,饮料,果汁饮料,单种果汁饮料,,7.8,468,上线,不限购,标品,245
15761343640734963,,6944312684975,鸥露本色柔润面巾纸270张 3层,,其他,纸类用品,面巾/餐巾纸,居家日用,纸品湿巾,抽纸,,7.2,615,下线,不限购,非标品,300
15761343640734824,,6938483210132,JPLUS铂金5in1发动机燃油系统养护剂汽65ml,,其他,日用百货,,汽车用品,汽车美容/保养,汽车清洗剂/养护剂,,58,1644,上线,不限购,非标品,65
15761343650735059,,6901008277859,华东庄园特选级雷司令干白750ml,,其他,酒水饮料,酒类,酒,葡萄酒,白葡萄酒,,165,12,上线,不限购,非标品,750
15761343660735651,,6913936068577,景芝窖藏礼盒52°480ml*4,,景芝,酒水饮料,酒类,酒,白酒,高度白酒,,178,0,上线,不限购,非标品,1920
15761343660735749,,6922307203318,崂山矿泉水vip尊享330ml,,崂山,酒水饮料,矿泉水,饮料,饮用水,矿泉水,,2.5,484,上线,不限购,非标品,330
15761343640734856,,6903568108741,琅琊台小高白酒71°100ml*4,,其他,酒水饮料,酒类,酒,白酒,高度白酒,,1917,4,上线,不限购,非标品,400
15761343640734862,,6903568108758,琅琊台71°小琅高白酒礼盒75ml*4,,其他,酒水饮料,酒类,酒,白酒,高度白酒,,1797,5,上线,不限购,非标品,300
15761343640734829,,6920774468957,南山庄园至尊干红葡萄酒750ml,,南山庄园,酒水饮料,酒类,酒,葡萄酒,红葡萄酒,,166,332,上线,不限购,非标品,750
15761343640734819,,6902952892587,赖茅传禧53°500ml,,其他,酒水饮料,酒类,酒,白酒,高度白酒,,240,219,上线,不限购,非标品,500
15761343660735897,,6948195814245,胡姬花特香型花生油4.88L,,其他,粮油副食,食用油,粮油米面,食用油,花生油,,172,7,上线,不限购,非标品,4880
15761343650735079,,6934302617021,长白山天泉天然矿泉水430ml,,其他,酒水饮料,矿泉水,饮料,饮用水,矿泉水,,4,515,上线,不限购,非标品,430
15761343640734836,,2000102534739,赖茅品鉴尊享53°375ml,,其他,酒水饮料,酒类,其他,其他,其他,,429,60,上线,不限购,非标品,375
15761343640734964,,6951163600054,一枝笔莱阳梨膏268g,,其他,酒水饮料,综合饮料,冲调,冲饮品,蜂蜜/蜜炼/浓缩果浆,,118,25,上线,不限购,非标品,268
15761343660735892,,6901035616102,青岛啤酒金泰山风光礼盒装500ml*10,,其他,酒水饮料,酒类,酒,啤酒,黄啤,,96,16,上线,不限购,非标品,5000
